Feature,Lasso,Random Forest,SVM-RFE
AKT1,0.7839602597705175,0.19290056796058633,1
PTPRC,1.5141719674214913,0.1845282178756096,1
TFRC,0.45267881717407343,0.08777014505890747,1
